K,AICc,Delta_AICc,ModelLik,AICcWt,LL,Cum.Wt,Model
4,-319.345457757351,0,1,0.536454813135377,163.966846525734,0.536454813135377,Base
6,-316.501409244868,2.84404851248337,0.241225220680934,0.12940643068393,164.887068258797,0.665861243819307,Phosphorus
6,-315.748611113357,3.59684664399435,0.165559716909931,0.0888153069976631,164.510669193042,0.754676550816971,Coat Colour
2,-315.428236349897,3.91722140745429,0.141054251001733,0.0756692318630852,159.799832460663,0.830345782680056,Null
6,-315.118326653825,4.22713110352612,0.120806455932085,0.0648072047425937,164.195526963276,0.89515298742265,Nitrogen
6,-314.984878539574,4.36057921777712,0.113008797548526,0.0606241133715483,164.128802906151,0.955777100794198,Temperature
8,-313.164901586371,6.18055617098008,0.0454893027305381,0.0244029553959694,165.707450793185,0.980180056190167,Energetic
8,-312.697469771435,6.64798798591585,0.0360087255697193,0.0193170541467469,165.473734885718,0.999497110336914,Nutrient
12,-305.400724109617,13.9447336477336,0.000937431542736642,0.000502889663085993,167.300362054809,1,Full
