K,AICc,Delta_AICc,ModelLik,AICcWt,LL,Cum.Wt,Model
4,406.247797,0,1,0.383442505,-198.6587822,0.383442505,Base
3,406.5402,0.292403011,0.863983588,0.331288032,-199.9973727,0.714730537,Null
6,409.3033149,3.055517981,0.21702147,0.083215256,-197.6272672,0.797945793,Temperature
6,409.3040216,3.056224634,0.216944804,0.083185859,-197.6276206,0.881131652,Nitrogen
6,409.7967211,3.548924138,0.169574644,0.065022126,-197.8739703,0.946153778,Coat Colour
6,411.2420405,4.994243588,0.082321596,0.031565599,-198.59663,0.977719378,Phosphorus
8,412.7365054,6.488708487,0.038993737,0.014951856,-196.5220989,0.992671234,Nutrient
8,414.1858,7.938003047,0.018892287,0.007244106,-197.2467462,0.99991534,Energetic
12,423.0843932,16.83659623,0.00022079,8.47E-05,-195.0850537,1,Full
