Model,(Intercept),IR,Diff_IR,Low_temp,Low_temp:Diff_IR,White,White:Diff_IR,Diff_IR:Low_temp,N_mean,N_mean:Diff_IR,P_mean,P_mean:Diff_IR,Diff_IR:P_mean,Diff_IR:N_mean,rsq
Null,0.058±0.003,,,,,,,,,,,,,,0
Base,0.077±0.012,0±0,0±0,,,,,,,,,,,,0.107889048
Temp,0.079±0.013,0±0,0±0,0±0.001,0±0,,,,,,,,,,0.111838719
Coat,0.078±0.012,0±0,0±0,,,-0.008±0.012,0±0,,,,,,,,0.121082305
Energetic,0.087±0.014,0±0,0±0,-0.001±0.001,,-0.014±0.015,-0.001±0.001,0±0,,,,,,,0.149433395
N,0.059±0.033,0±0,0±0.001,,,,,,0.017±0.029,-0.001±0.001,,,,,0.113460845
P,0.054±0.023,0±0,-0.001±0.001,,,,,,,,0.153±0.133,0.001±0.007,,,0.130099397
Nutrient,0.066±0.033,0±0,0±0.001,,,,,,-0.015±0.04,-0.001±0.002,0.196±0.183,,0.007±0.009,,0.143969593
Full,0.065±0.035,0±0,0±0.001,-0.001±0.001,,-0.016±0.015,-0.001±0.001,0±0,-0.001±0.042,,0.182±0.185,,0.005±0.009,-0.001±0.002,0.185754989
