K,AICc,Delta_AICc,ModelLik,AICcWt,LL,Cum.Wt,Model
3,-319.342783640205,0,1,0.516211078518483,162.845304863581,0.516211078518483,Base
5,-316.926519303592,2.4162643366127,0.298754782258008,0.154220528361961,163.911020845826,0.670431606880444,Phosphorus
5,-316.047483766155,3.29529987405033,0.192501768742234,0.0993715456591443,163.471503077107,0.769803152539589,Coat Colour
2,-315.428236349897,3.91454729030841,0.141242974936647,0.0729111884252056,159.799832460663,0.842714340964794,Null
5,-315.375819107961,3.96696453224376,0.137589279638506,0.0710251104347746,163.135670748011,0.913739451399569,Nitrogen
5,-314.853724000493,4.48905963971231,0.105977357110218,0.054706685812404,162.874623194276,0.968446137211973,Temperature
7,-312.512251051515,6.83053258868966,0.032867653065904,0.0169666466375216,164.117663987296,0.985412783849494,Nutrient
7,-312.171620016503,7.17116362370246,0.0277205348018301,0.0143096471671619,163.94734846979,0.999722431016656,Energetic
11,-304.286380566613,15.0564030735917,0.00053770442924284,0.000277568983343612,165.307124709536,1,Full
