(Intercept),HabituationHabituated,R2m,R2c,TreatmentHigh,Low_temp,Low_temp:TreatmentHigh,White,White:TreatmentHigh,TreatmentHigh:Low_temp,N_mean,N_mean:TreatmentHigh,P_mean,P_mean:TreatmentHigh,TreatmentHigh:P_mean,TreatmentHigh:N_mean,Model
39.583±1.538,5.959±2.719,0.0334860636171863,0.105541661718827,,,,,,,,,,,,,Null
37.423±1.921,5.959±2.719,0.0537025983578745,0.145834758606729,4.321±2.301,,,,,,,,,,,,Base
38.795±1.934,4.169±2.651,0.106414137366009,0.146135169330887,4.322±2.357,-1.111±0.523,-0.002±0.713,,,,,,,,,,Temp
38.257±2.366,5.338±2.774,0.0773494176484091,0.179642501150934,0.73±3.045,,,-2.421±5.93,13.671±7.792,,,,,,,,Coat
42.518±2.732,4.356±2.665,0.132756063044511,0.194506469404991,-1.525±3.586,-1.732±0.612,,-12.699±6.816,19.606±9.253,0.966±0.83,,,,,,,Energetic
52.193±15.103,6.422±2.705,0.0667296298057567,0.145935428052018,5.299±20.421,,,,,,-14.667±14.807,-0.962±19.948,,,,,N
48.138±9.925,6.072±2.719,0.0616354420847918,0.156889532061674,-8.641±13.296,,,,,,,,-75.905±69.077,91.512±92.47,,,P
51.666±15.025,6.45±2.701,0.0798644355743695,0.168686385965406,7.041±20.185,,,,,,-6.402±20.383,-28.061±27.319,-55.695±94.831,,182.308±127.459,,Nutrient
47.213±14.603,4.729±2.681,0.150269278214215,0.218083985334256,7.076±19.771,-1.675±0.621,,-12.401±6.805,19.96±9.206,1.03±0.837,3.038±19.868,,-56.646±91.16,,180.376±123.65,-33.71±26.83,Full
